{"total_epochs": 500, "epoch_time": [54.262519000000005, 59.32497529999999, 50.9394679, 50.22074020000002, 51.17096429999998, 49.87001090000001, 50.158913299999995, 49.62220709999997, 49.85761929999995, 50.10366740000006, 50.70833360000006, 49.666560600000025, 50.59383490000005, 49.523869500000046, 49.372032500000046, 49.60350840000001, 55.14255200000002, 51.589934000000085, 50.34992209999996, 49.754264199999966, 49.4861828999999, 51.8539573999999, 51.145107699999926, 49.81304829999999, 49.6082836999999, 50.18580249999991, 49.12186120000001, 49.888918600000125, 49.34090230000015, 49.488559500000065, 51.818776799999796, 58.64999260000013, 59.92322039999999, 78.39917689999993, 61.572505999999976, 51.653451499999846, 50.58760819999998, 50.028296800000135, 49.57544679999978, 49.35007760000008, 49.64890349999996, 49.950893299999734, 49.718607099999645, 50.20863399999962, 49.35493319999978, 49.47458430000006, 50.480146200000036, 49.95347170000014, 49.40010319999965, 49.34240270000009, 49.354930400000285, 49.42943850000029, 49.776277500000106, 49.99145429999999, 48.21736339999961, 48.187719000000016, 47.95892909999975, 47.649952100000064, 48.533750900000086, 48.38148319999982, 48.4620046, 47.86849290000009, 47.534837900000184, 47.90282389999993, 47.664906299999984, 47.5680284, 50.38232340000013, 51.43530520000013, 52.68632539999999, 51.1246543999996, 50.05645860000004, 50.10858589999998, 49.51450960000011, 49.645949799999926, 49.941471399999955, 49.7328923, 49.484241699999984, 49.291330700000344, 49.70177979999971, 49.68568409999989, 49.36682449999989, 49.67821400000048, 49.160474799999974, 49.386672100000396, 50.4212277000006, 50.16634320000048, 49.82248789999994, 49.4635602999997, 51.02562820000003, 49.69586160000017, 49.732608499999515, 49.557771599999796, 50.51839250000012, 53.27101289999973, 50.40700730000026, 49.77588250000008, 51.71299280000039, 50.95990450000045, 49.75099599999976, 49.4947044999999, 50.07498200000009, 50.440729800000554, 50.12020500000017, 49.899869599999874, 48.97768720000022, 49.345524000000296, 49.66706439999962, 49.59740839999995, 49.83186350000051, 50.11544549999962, 49.525512700000036, 49.84527799999978, 49.73249289999967, 52.971758700000464, 49.75303209999947, 49.23856370000067, 49.38852620000034, 49.59147269999994, 49.387097699999686, 49.43202090000068, 49.54968310000004, 49.05608990000019, 49.06553629999962, 48.084747299999435, 47.83812120000039, 48.40522299999975, 48.259819799999605, 47.84162480000032, 48.36780720000024, 47.66376519999994, 47.989517299999534, 48.11469599999964, 48.29877739999938, 49.019961500000136, 48.047518299999865, 48.2192756000004, 48.56301160000021, 48.10097170000063, 50.5399510999996, 48.46097660000032, 50.635744900000645, 49.00066769999921, 48.519385200000215, 48.30492229999982, 48.065423199999714, 48.40378950000013, 48.845394200000555, 48.110164599999734, 48.33583029999954, 47.832408600000235, 47.943740499999876, 52.601482600000054, 49.00031519999993, 48.68168930000047, 48.647447100000136, 48.23198750000029, 48.76045830000021, 48.615390599999955, 48.37325789999977, 48.243766000000505, 48.49218950000068, 48.228443799999695, 47.9706685000001, 48.24243200000092, 48.282088199999635, 49.45208389999971, 54.28802420000102, 49.713901900000565, 48.79308349999883, 48.741059300000416, 48.77373759999864, 48.28011450000122, 48.13457700000072, 47.56707219999953, 47.99350730000151, 48.886974299999565, 48.56520470000032, 48.453552499999205, 48.066716199999064, 48.47448930000064, 48.30823280000004, 48.05252870000004, 48.27446079999936, 48.17148300000008, 48.50097950000054, 47.79504199999974, 48.52168159999928, 47.84086269999898, 48.32650889999968, 48.5018940000009, 47.97214840000015, 48.07620499999939, 48.610028899998724, 48.8768541999998, 49.01491530000021, 48.426232800000435, 48.46702559999903, 50.44687580000027, 51.833270099999936, 49.44231899999977, 52.993357900000774, 49.11666309999964, 47.95460710000043, 48.467004900001484, 48.32696709999982, 48.38700079999944, 48.42735419999917, 48.075837200000024, 48.171475299999656, 47.76104100000157, 48.59085249999953, 48.15609510000104, 48.70771839999907, 47.86381249999977, 51.147622200000114, 48.623382100000526, 48.65493550000065, 47.90435819999948, 48.754725799999505, 48.230877600000895, 48.01798149999922, 47.86498980000033, 48.541038299999855, 47.87528889999885, 48.21478230000139, 47.993943800000125, 47.70984850000059, 48.2800430999996, 47.989859199999046, 48.37541769999916, 47.98986100000002, 47.891913999999815, 48.25618570000006, 48.1059236000001, 47.944574700000885, 48.17951859999994, 48.21778099999938, 48.741678799999136, 48.22491219999938, 48.75790760000018, 50.03803369999878, 50.42756870000085, 49.42922809999982, 49.63734039999872, 49.311991800001124, 48.94391820000055, 48.063518800001475, 48.02483790000042, 48.09507520000079, 49.49214810000012, 48.219983999999386, 48.13319720000072, 47.86296609999954, 48.17827290000059, 48.10894139999982, 47.75285150000127, 48.11664879999989, 47.950454300000274, 47.95938919999935, 47.44597280000016, 47.8722944000001, 47.99859970000034, 48.34544740000092, 49.69233159999931, 47.85803279999891, 48.19980850000138, 49.59943829999975, 49.100832100000844, 49.10374109999975, 48.24430410000059, 48.18122949999997, 48.30341689999841, 48.19595870000012, 48.04128280000077, 48.718943700001546, 48.40919849999955, 48.06957130000046, 48.0322924000011, 47.62516659999892, 47.996598199999426, 48.11604669999906, 48.34796670000105, 47.877491799999916, 47.44101059999957, 47.97253589999855, 48.14142119999997, 48.32347479999953, 48.268376899999566, 47.891862700000274, 50.501567299999806, 2336.3128560999994, 57.7261662000019, 60.06139959999928, 57.892761099999916, 51.894083999999566, 62.74543030000132, 56.05541240000093, 51.46980910000275, 50.6347502000026, 50.16522850000183, 49.87260289999904, 50.82368510000015, 50.004259399996954, 49.944869899998594, 49.521817400000145, 49.53772190000018, 49.646780999999464, 50.38469609999811, 49.69573540000056, 49.53535030000057, 49.346321400000306, 49.499066300002596, 49.24077920000127, 49.556610999999975, 49.4907432, 49.32910379999885, 49.58242339999924, 49.26455039999928, 49.583837700000004, 51.45834990000003, 49.23001440000007, 49.69451710000067, 49.54968379999991, 49.45912349999708, 49.34374050000042, 50.165184299999964, 49.67042120000042, 49.76006430000052, 49.49046310000267, 49.35173410000061, 49.297577499997715, 49.417916099999275, 49.622872500000085, 49.3375417999996, 49.779592999999295, 49.92389339999863, 49.49088549999942, 50.01144470000145, 49.4983850000026, 49.65018030000283, 49.18622030000188, 49.11121080000157, 49.52613140000176, 52.62413050000032, 50.409842600001866, 49.95647360000294, 49.47112449999986, 49.77144520000002, 48.293400499998825, 48.71620569999868, 48.50209779999932, 48.389264500001445, 48.689911499997834, 48.27955850000217, 48.103245099999185, 48.26745810000284, 47.727840699997614, 47.93664960000024, 48.01630490000025, 47.81575130000056, 47.661939900001016, 52.17826160000186, 65.58300429999872, 49.52967290000015, 48.77183030000015, 48.49360349999915, 48.076847699998325, 48.62025110000104, 49.471989899997425, 48.96986399999878, 48.790788900001644, 48.14507330000197, 47.47397159999673, 48.25237790000028, 48.53936439999961, 49.380977099997835, 48.39922099999967, 48.00442309999926, 47.97052810000241, 48.13177060000089, 48.84047719999944, 48.152724299998226, 47.82701639999868, 48.507621999997355, 48.27460780000183, 48.13440329999867, 47.92931730000055, 48.66974919999848, 48.12090420000095, 48.34010560000024, 47.91344340000069, 48.00214369999958, 54.29039190000185, 49.31816299999991, 48.87135380000109, 48.0423873999971, 47.94654340000125, 49.494665899997926, 49.2536626000001, 48.5576942000007, 47.94733559999804, 48.31308999999965, 48.291211899999325, 48.05379600000015, 47.674705900000845, 47.88423859999966, 47.92856490000122, 48.53568579999774, 48.29133970000112, 47.7157174999993, 47.646329200000764, 48.44787609999912, 48.053720600000815, 48.18237009999939, 47.91993270000239, 