{"total_epochs": 500, "epoch_time": [0.1269806, 0.1453004, 0.1538659, 0.1323938, 0.15218370000000014, 0.1470978999999999, 0.1570971000000001, 0.16602239999999968, 0.16856600000000022, 0.17183349999999997, 0.1551589, 0.14863679999999935, 0.16816120000000012, 0.1601018999999999, 0.1483661999999999, 0.16970490000000016, 0.15885319999999936, 0.17388710000000085, 0.14130360000000053, 0.17089460000000045, 0.16367469999999962, 0.1573784000000007, 0.15583610000000014, 0.1571802, 0.14166480000000004, 0.15157919999999958, 0.15925889999999931, 0.1472591999999997, 0.15165930000000039, 0.1404652999999998, 0.17397329999999922, 0.1614962000000002, 0.15730380000000022, 0.1674780000000009, 0.1652863, 0.14408060000000056, 0.16652549999999877, 0.14103979999999972, 0.1524277000000005, 0.17189350000000125, 0.15917180000000108, 0.1322738000000001, 0.18343869999999995, 0.1816544000000011, 0.14046559999999886, 0.13545359999999995, 0.1273010999999986, 0.14973519999999851, 0.14463210000000082, 0.16790980000000033, 0.15255639999999993, 0.15976749999999917, 0.13672170000000072, 0.1623871999999995, 0.1413606000000005, 0.15069710000000036, 0.18010570000000037, 0.16995670000000018, 0.1532984000000006, 0.14035630000000054, 0.1608875999999988, 0.1546278000000001, 0.14327369999999995, 0.16811340000000108, 0.16458450000000013, 0.13547969999999943, 0.1564546999999994, 0.14728369999999913, 0.14796740000000064, 0.16196270000000013, 0.15672529999999973, 0.1413240000000009, 0.14649979999999907, 0.1527529000000012, 0.14214989999999972, 0.1471240999999992, 0.14984339999999996, 0.13833750000000045, 0.15340549999999986, 0.1474934999999995, 0.1446632000000001, 0.15321679999999915, 0.14561720000000022, 0.16672430000000027, 0.16511919999999947, 0.15466410000000153, 0.1444617000000008, 0.1497868000000011, 0.1454273999999991, 0.1362085999999998, 0.15797119999999865, 0.13091089999999994, 0.13818099999999944, 0.13127010000000183, 0.13487229999999784, 0.1285406000000009, 0.13073280000000054, 0.15365660000000148, 0.1343128, 0.15533849999999916, 0.14417369999999963, 0.13319470000000067, 0.16236239999999924, 0.1613586999999974, 0.14917819999999793, 0.1322841999999973, 0.1335152000000015, 0.15569729999999993, 0.154149799999999, 0.13597169999999892, 0.14062769999999958, 0.13611270000000175, 0.14535419999999988, 0.14366680000000187, 0.15997869999999992, 0.1480712000000004, 0.14659890000000075, 0.14918639999999783, 0.14827989999999858, 0.14193489999999898, 0.14963430000000244, 0.15837349999999972, 0.14693160000000205, 0.1475225000000009, 0.17442370000000196, 0.15030189999999877, 0.16115550000000312, 0.1609878000000009, 0.14690969999999837, 0.15084249999999955, 0.14984079999999977, 0.1636995999999975, 0.16499250000000032, 0.15632850000000076, 0.15203880000000325, 0.15275490000000147, 0.14574089999999984, 0.13515250000000023, 0.1678779999999982, 0.17067540000000037, 0.1361881000000018, 0.14363850000000156, 0.13460879999999875, 0.15895510000000002, 0.14685099999999807, 0.14952289999999735, 0.14061189999999968, 0.17879620000000074, 0.14580090000000112, 0.1562716999999978, 0.14245169999999874, 0.14524240000000077, 0.16873119999999986, 0.143230599999999, 0.1579168000000024, 0.14710360000000122, 0.14026289999999975, 0.13713320000000095, 0.16985170000000238, 0.15517409999999998, 0.13726349999999954, 0.16605500000000006, 0.14697040000000072, 0.15854120000000194, 0.14851269999999772, 0.14649990000000201, 0.1535738000000002, 0.13754620000000273, 0.1621813000000003, 0.1581210000000013, 0.15678919999999863, 0.14205510000000032, 0.1636076000000024, 0.15828389999999715, 0.17294839999999922, 0.14890189999999848, 0.1587403000000016, 0.19281569999999704, 0.17957660000000075, 0.17824240000000202, 0.17692080000000132, 0.17291529999999966, 0.18182090000000173, 0.1651196999999982, 0.17050629999999956, 0.17762549999999777, 0.15536619999999957, 0.16224419999999995, 0.16717539999999786, 0.17107279999999747, 0.1749409999999969, 0.15837360000000444, 0.1732868999999937, 0.1985816999999983, 0.18894740000000354, 0.17956999999999823, 0.18514679999999828, 0.17937200000000075, 0.19434429999999736, 0.16778350000000586, 0.177513900000001, 0.1749946000000051, 0.1792890999999983, 0.1641742999999991, 0.17310100000000261, 0.1694925999999981, 0.15930120000000159, 0.1710647000000023, 0.18157130000000166, 0.17723719999999332, 0.1674188000000001, 0.19291809999999998, 0.16817559999999787, 0.1857034000000013, 0.16261270000000394, 0.1766031999999953, 0.15706229999999977, 0.18231629999999655, 0.1936000999999976, 0.17099109999999484, 0.15492719999999593, 0.15938840000000454, 0.18943110000000019, 0.16345299999999696, 0.153722700000003, 0.18140369999999706, 0.1762984000000003, 0.1817272999999986, 0.1735389999999981, 0.17506069999999596, 0.18319969999999586, 0.1498338999999973, 0.16930969999999945, 0.18315759999999415, 0.16024629999999718, 0.16591659999999564, 0.17823760000000277, 0.1742430999999982, 0.14909930000000315, 0.1848085000000026, 0.23088479999999834, 0.18227490000000302, 0.18859310000000562, 0.19215399999999505, 0.20027050000000202, 0.1921996999999962, 0.18243460000000056, 0.17207830000000257, 0.19121940000000137, 0.17831890000000072, 0.16460790000000003, 0.17575159999999812, 0.17607500000000442, 0.16186210000000045, 0.16538789999999892, 0.15928509999999818, 0.17215870000000422, 0.17968580000000145, 0.1622129000000001, 0.17641399999999408, 0.16691559999999583, 0.14850569999999408, 0.18725520000000273, 0.17058490000000148, 0.1784443999999965, 0.18202719999999317, 0.16447460000000547, 0.173502500000005, 0.17529269999999997, 0.180652699999996, 0.14546599999999899, 0.16377020000000186, 0.19085580000000135, 0.15693819999999903, 0.1688824000000011, 0.15799619999999948, 0.17034560000000454, 0.17020459999999815, 0.15214840000000152, 0.1678096999999994, 0.15915979999999763, 0.1791879000000023, 0.16487010000000168, 0.17146069999999725, 0.18551279999999792, 0.1926924999999997, 0.16652380000000022, 0.174197300000003, 0.1705584999999985, 0.1645278000000019, 0.16694749999999914, 0.15630279999999885, 0.15028009999999625, 0.1678856000000053, 0.16430150000000054, 0.1790087999999983, 0.1729973000000058, 0.15289210000000253, 0.17379929999999888, 0.17295529999999815, 0.17619230000000385, 0.1587419999999966, 0.18218739999999656, 0.1739212999999964, 0.182590900000001, 0.1697769999999963, 0.17974320000000432, 0.1758011999999951, 0.17337739999999968, 0.16697249999999997, 0.16356619999999822, 0.1615259000000009, 0.1652619000000044, 0.1826284000000058, 0.18204839999999933, 0.17120369999999951, 0.20101100000000116, 0.1643636000000015, 0.15023609999999366, 0.16563400000000428, 0.1547690000000017, 0.1583000000000041, 0.16563589999999806, 0.16893619999999743, 0.18510450000000134, 0.1775215999999986, 0.16518769999999705, 0.16479400000000055, 0.17620840000000015, 0.16575230000000118, 0.16479719999999531, 0.1527911999999958, 0.1520477999999983, 0.17274969999999712, 0.1752426999999983, 0.16539490000000256, 0.1816770999999946, 0.1748218000000037, 0.17375099999999577, 0.16140060000000034, 0.18865739999999676, 0.16460020000000242, 0.17784200000000538, 0.1587922000000006, 0.16453440000000086, 0.15675439999999696, 0.1726237000000026, 0.1711792999999986, 0.168118800000002, 0.1694668999999962, 0.1796602000000007, 0.1709614999999971, 0.1840696999999949, 0.17766459999999995, 0.17921860000000578, 0.16304319999999706, 0.1621930999999961, 0.17630350000000305, 0.17832820000000282, 0.16458399999999784, 0.1545964999999967, 0.20331050000000062, 0.1640730000000019, 0.18103829999999732, 0.1800688000000008, 0.18867570000000455, 0.16919699999999693, 0.16863539999999944, 0.15992370000000022, 0.1873329999999953, 0.20889069999999776, 0.16310800000000114, 0.1914038999999974, 0.16992450000000048, 0.1695555000000013, 0.16978249999999662, 0.16153260000000103, 0.1587590999999975, 0.18237459999998862, 0.1744860000000017, 0.17428579999999272, 0.17417410000000189, 0.17164500000001226, 0.17443430000000149, 0.17657369999999162, 0.17268620000000112, 0.17722449999999412, 0.16042550000000233, 0.1680417000000034, 