{"test_times": [150, 151, 152, 153, 154, 155, 156, 157, 158, 159, 160, 161, 162, 163, 164, 165, 167, 168, 169, 170, 171, 172, 173, 174, 176, 177, 178, 179, 180, 181, 182, 183, 184, 185, 186, 187, 188, 189, 190, 192, 193, 194, 197, 198, 199], "test_force": [4.0911, 2.4129, 0.68512, -1.3289, -3.3905, -5.5374, -7.7985, -9.8875, -11.9112, -13.7827, -15.3177, -16.6889, -17.6342, -18.1592, -18.3091, -17.8371, -15.5718, -13.7089, -11.6213, -9.1939, -6.5746, -3.9345, -1.1614, 1.4557, 5.9727, 7.5746, 8.757, 9.4241, 9.4825, 9.1447, 8.266, 6.9428, 5.3324, 3.3263, 1.2043, -0.94928, -3.1008, -4.9, -6.4241, -8.0813, -8.1997, -7.6965, -2.8893, -0.3568, 2.4419], "test_voltage": [-0.014363, -0.011107, -0.0074958, -0.0035287, 0.00072874, 0.0051968, 0.00977, 0.014338, 0.018748, 0.022847, 0.0265, 0.029562, 0.031888, 0.033382, 0.033952, 0.033562, 0.029882, 0.026699, 0.022755, 0.018192, 0.013207, 0.00797, 0.0027214, -0.0023274, -0.01101, -0.014272, -0.016629, -0.017981, -0.018297, -0.017566, -0.015852, -0.013269, -0.009956, -0.0061277, -0.0019818, 0.0022238, 0.0062523, 0.0098547, 0.012811, 0.01601, 0.01599, 0.014802, 0.0045373, -0.00070309, -0.0065207], "test_acceleration1": [-0.2562, -0.27935, -0.30542, -0.32632, -0.33936, -0.35718, -0.36127, -0.36343, -0.37012, -0.35933, -0.35253, -0.33518, -0.31053, -0.28645, -0.24727, -0.20584, -0.11418, -0.067608, -0.01631, 0.035807, 0.080339, 0.13236, 0.17739, 0.21224, 0.27421, 0.29143, 0.30254, 0.30002, 0.29792, 0.28408, 0.25747, 0.23353, 0.19751, 0.15922, 0.1194, 0.071451, 0.033652, -0.00555, -0.045318, -0.10112, -0.12112, -0.13182, -0.12227, -0.11379, -0.08907], "test_acceleration2": [-0.54075, -0.54159, -0.53838, -0.52881, -0.51794, -0.50248, -0.48175, -0.45687, -0.42592, -0.38991, -0.35078, -0.30396, -0.2569, -0.20333, -0.14478, -0.083043, 0.054589, 0.12708, 0.20026, 0.27018, 0.33752, 0.40043, 0.45439, 0.5025, 0.56824, 0.58732, 0.59018, 0.58194, 0.55999, 0.52299, 0.47765, 0.42021, 0.35301, 0.2815, 0.20338, 0.1257, 0.047752, -0.027364, -0.096917, -0.22214, -0.26866, -0.30613, -0.35431, -0.3491, -0.33535], "test_acceleration3": [-0.50589, -0.51463, -0.50985, -0.50003, -0.49177, -0.46771, -0.45083, -0.42665, -0.3863, -0.35207, -0.30789, -0.2624, -0.21416, -0.15479, -0.10044, -0.043455, 0.087029, 0.15455, 0.21811, 0.27593, 0.33866, 0.38391, 0.42689, 0.46902, 0.51583, 0.52553, 0.52122, 0.51655, 0.49189, 0.45729, 0.42042, 0.36452, 0.30993, 0.24792, 0.1804, 0.11803, 0.046448, -0.018555, -0.07434, -0.18747, -0.23008, -0.26695, -0.32118, -0.31759, -0.31711]}