{"train_times": [0, 1, 2, 3, 4, 5, 6, 7, 8, 9, 10, 11, 12, 13, 14, 15, 16, 17, 18, 19, 21, 22, 23, 24, 25, 26, 27, 28, 29, 30, 31, 32, 34, 35, 36, 37, 39, 40, 41, 42, 43, 44, 45, 46, 47, 48, 49, 50, 51, 52, 53, 54, 55, 57, 58, 59, 60, 61, 62, 63, 64, 65, 66, 67, 68, 69, 71, 72, 73, 74, 75, 76, 77, 78, 79, 80, 81, 82, 83, 84, 87, 88, 89, 90, 91, 92, 93, 94, 95, 96, 97, 98, 99, 100, 101, 102, 103, 104, 105, 106, 107, 108, 109, 110, 111, 112, 113, 115, 116, 117, 119, 120, 121, 123, 124, 125, 126, 127, 128, 129, 130, 132, 133, 134, 135, 136, 137, 138, 140, 142, 143, 144, 145, 146, 147], "train_force": [0.95714, -0.52401, -2.0148, -3.4907, -5.0049, -6.2549, -7.3773, -8.3348, -8.9568, -9.4585, -9.6365, -9.5288, -9.2445, -8.5667, -7.7022, -6.6788, -5.4171, -4.1874, -2.8679, -1.523, 0.97682, 2.1422, 3.167, 4.1636, 4.891, 5.5324, 6.065, 6.417, 6.8375, 7.1853, 7.4871, 7.8964, 8.6267, 9.1337, 9.6374, 10.3837, 12.0443, 13.0663, 13.9948, 14.9835, 15.9761, 16.8453, 17.7948, 18.6173, 19.2904, 19.9256, 20.2618, 20.4718, 20.5155, 20.3003, 20.0552, 19.6065, 18.968, 17.3, 16.2461, 15.0724, 13.7071, 12.37, 10.897, 9.2736, 7.6393, 5.7529, 3.7879, 1.7052, -0.56736, -2.8086, -7.6664, -10.1071, -12.7174, -15.2747, -17.7808, -20.2738, -22.4737, -24.5132, -26.327, -27.7551, -28.9872, -29.8001, -30.2065, -30.2928, -27.7851, -26.155, -24.3864, -22.3338, -20.1187, -17.9032, -15.5334, -13.2622, -11.1471, -9.1436, -7.5277, -6.1659, -5.1172, -4.4818, -4.0443, -3.9506, -4.1429, -4.4702, -5.099, -5.774, -6.4645, -7.195, -7.6558, -7.9596, -8.0406, -7.7317, -7.2398, -5.1332, -3.6617, -1.7524, 2.658, 5.1653, 7.5849, 12.4298, 14.5733, 16.6531, 18.4298, 19.8842, 21.1008, 21.8494, 22.307, 22.223, 21.879, 21.2784, 20.4817, 19.6528, 18.6019, 17.553, 15.3437, 13.3763, 12.3765, 11.4758, 10.4169, 9.3495, 8.2112], "train_voltage": [-0.00045788, 0.0027407, 0.0060564, 0.009373, 0.012592, 0.015572, 0.018229, 0.020479, 0.022238, 0.023454, 0.024095, 0.024159, 0.023654, 0.022618, 0.021107, 0.019188, 0.016943, 0.014452, 0.011824, 0.0091259, 0.0038703, 0.0014528, -0.0007704, -0.0027772, -0.0045524, -0.0061026, -0.0074497, -0.0086375, -0.0097029, -0.01071, -0.011695, -0.012731, -0.015137, -0.016583, -0.018215, -0.020047, -0.024251, -0.026579, -0.029002, -0.031449, -0.033886, -0.036235, -0.038447, -0.040457, -0.042216, -0.043686, -0.044817, -0.045593, -0.046004, -0.046038, -0.045705, -0.045011, -0.043974, -0.040944, -0.039001, -0.036782, -0.034311, -0.031597, -0.028644, -0.025442, -0.021998, -0.018307, -0.014359, -0.010149, -0.0056953, -0.00098488, 0.0090561, 0.014307, 0.019637, 0.024973, 0.030233, 0.03532, 0.040128, 0.044558, 0.048501, 0.051872, 0.054572, 0.056528, 0.057692, 0.058035, 0.054186, 0.051434, 0.048114, 0.044311, 0.040194, 0.035897, 0.031576, 0.027375, 0.023455, 0.019931, 0.016912, 0.014497, 0.012733, 0.011635, 0.011214, 0.011417, 0.012159, 0.01336, 0.014884, 0.016593, 0.018336, 0.019969, 0.021335, 0.022304, 0.02275, 0.022569, 0.021704, 0.017793, 0.014763, 0.011096, 0.0022161, -0.0027652, -0.0079132, -0.018153, -0.022947, -0.027369, -0.031312, -0.034693, -0.037452, -0.039583, -0.041069, -0.042243, -0.042043, -0.041418, -0.040459, -0.039244, -0.037855, -0.036367, -0.033303, -0.030292, -0.0288, -0.027274, -0.025667, -0.023914, -0.021973], "train_acceleration1": [-0.018392, -0.018391, -0.015982, -0.021061, -0.015402, -0.013086, -0.014546, -0.0022157, 0.0034727, 0.013602, 0.030231, 0.036957, 0.05561, 0.075811, 0.087789, 0.11146, 0.12676, 0.14388, 0.16139, 0.17131, 0.20035, 0.20299, 0.21284, 0.21209, 0.21368, 0.21061, 0.20138, 0.1965, 0.18911, 0.17344, 0.16641, 0.15385, 0.1305, 0.1107, 0.10548, 0.096482, 0.081936, 0.071646, 0.067356, 0.066321, 0.060091, 0.065724, 0.068259, 0.066394, 0.074784, 0.077344, 0.080725, 0.08968, 0.089519, 0.097551, 0.10256, 0.10197, 0.1115, 0.11394, 0.1131, 0.10514, 0.10251, 0.099765, 0.089182, 0.083452, 0.068029, 0.050145, 0.036488, 0.010436, -0.0094138, -0.036209, -0.093461, -0.12589, -0.15875, -0.1895, -0.22915, -0.25452, -0.28241, -0.31411, -0.33518, -0.36045, -0.37759, -0.385, -0.399, -0.39508, -0.37531, -0.36445, -0.34755, -0.32417, -0.30581, -0.27725, -0.24982, -0.22673, -0.20022, -0.17827, -0.15673, -0.134, -0.11923, -0.098365, -0.084084, -0.073786, -0.054987, -0.047887, -0.037538, -0.026237, -0.021744, -0.0036548, 0.010649, 0.02254, 0.04527, 0.060448, 0.081484, 0.13378, 0.16893, 0.20117, 0.26762, 0.29666, 0.32693, 0.37674, 0.40062, 0.41792, 0.42539, 0.43613, 0.43524, 0.42869, 0.41967, 0.37921, 0.3547, 0.32085, 0.29223, 0.25249, 0.2131, 0.17606, 0.089175, 0.0079209, -0.0232, -0.066849, -0.10282, -0.13681, -0.17172], "train_acceleration2": [-0.049607, -0.033239, -0.019486, -0.0041119, 0.011467, 0.027149, 0.046213, 0.064721, 0.085548, 0.11115, 0.13585, 0.16531, 0.19367, 0.2214, 0.25307, 0.2805, 0.30594, 0.33308, 0.35419, 0.37219, 0.39189, 0.39869, 0.39389, 0.38387, 0.36875, 0.34645, 0.31792, 0.28619, 0.24926, 0.20957, 0.16635, 0.1211, 0.029059, -0.013843, -0.056866, -0.099188, -0.17025, -0.20026, -0.22296, -0.24584, -0.2622, -0.27538, -0.28796, -0.29158, -0.29482, -0.29311, -0.28647, -0.28096, -0.27234, -0.25879, -0.24236, -0.22234, -0.20295, -0.15807, -0.133, -0.10518, -0.076095, -0.050359, -0.020171, 0.0071921, 0.033892, 0.06009, 0.082181, 0.10255, 0.11886, 0.12917, 0.14293, 0.14028, 0.13617, 0.12625, 0.11171, 0.093452, 0.071281, 0.047094, 0.019826, -0.0077756, -0.034711, -0.062982, -0.087188, -0.11029, -0.16022, -0.17078, -0.17362, -0.17754, -0.17733, -0.17206, -0.16668, -0.15781, -0.14599, -0.13491, -0.12185, -0.11312, -0.10449, -0.096372, -0.087676, -0.080351, -0.072988, -0.066104, -0.055929, -0.04456, -0.031797, -0.016063, 0.00088613, 0.023768, 0.049813, 0.083598, 0.11997, 0.20069, 0.24566, 0.2895, 0.37795, 0.41756, 0.45344, 0.50637, 0.52355, 0.52933, 0.52875, 0.51776, 0.49554, 0.46566, 0.42522, 0.32142, 0.2595, 0.19494, 0.12688, 0.05765, -0.01046, -0.079554, -0.21009, -0.32429, -0.37269, -0.41481, -0.44938, -0.47982, -0.50509], "train_acceleration3": [-0.046328, -0.027533, -0.01257, 0.01257, 0.025379, 0.040223, 0.065841, 0.082361, 0.10606, 0.13012, 0.15167, 0.17968, 0.20315, 0.2241, 0.25235, 0.27234, 0.29341, 0.31304, 0.32537, 0.34129, 0.35063, 0.3547, 0.34213, 0.33351, 0.32106, 0.29652, 0.27497, 0.24098, 0.20638, 0.17286, 0.12977, 0.092296, 0.011732, -0.023463, -0.065841, -0.10415, -0.167, -0.19513, -0.21572, -0.23762, -0.24864, -0.26671, -0.27653, -0.2745, -0.28335, -0.28084, -0.2715, -0.26827, -0.24876, -0.23511, -0.22003, -0.19728, -0.18052, -0.12869, -0.10702, -0.077931, -0.055186, -0.029329, 0.0011971, 0.024301, 0.048602, 0.068115, 0.083917, 0.10475, 0.11408, 0.12222, 0.12797, 0.12677, 0.12127, 0.10738, 0.10056, 0.07853, 0.05782, 0.041899, 0.016041, -0.0089783, -0.030047, -0.055067, -0.073263, -0.096367, -0.14102, -0.14664, -0.15574, -0.16305, -0.1585, -0.16496, -0.16041, -0.15024, -0.15083, -0.13994, -0.13012, -0.12282, -0.10906, -0.10511, -0.098402, -0.083677, -0.075657, -0.061651, -0.045131, -0.034237, -0.014365, 0.0035913, 0.022625, 0.052792, 0.07422, 0.1087, 0.14377, 0.21584, 0.25031, 0.28874, 0.35721, 0.38834, 0.41767, 0.45837, 0.46591, 0.46759, 0.46866, 0.45023, 0.43479, 0.40821, 0.36703, 0.27773, 0.22482, 0.1737, 0.11049, 0.049321, -0.010295, -0.074699, -0.19082, -0.29281, -0.34572, -0.38427, -0.41743, -0.45071, -0.46878]}